{
  "Compatibility": "Compatible",
  "Contributors": {
    "Developer": [ "_Play_" ],
    "Modeling": [ "GoodHood" ]
  },
  "DefuserDifficulty": "VeryEasy",
  "Description": " Tags: list,paper,receipt,yellow-background",
  "ExpertDifficulty": "VeryEasy",
  "ModuleID": "supermarketScramble",
  "Name": "Supermarket Scramble",
  "Origin": "Mods",
  "Published": "2024-02-21",
  "SortKey": "SUPERMARKETSCRAMBLE",
  "SourceUrl": "https://github.com/llPlayll/KTANE-Supermarket-Scramble",
  "SteamID": "3165360905",
  "Symbol": "Smsc",
  "Type": "Regular"
}